timestamp,content_type,content,image_path
timestamp,content_type,content,image_path
2025-04-11 21:53:50,text,clipboard-logger --interval 5 --output ~/clipboard-logs.csv,
2025-04-11 21:53:55,text,"gram periodically checks the clipboard at the specified interval
When it finds new content, it:

For text: Records it directly in the CSV file
For images: Saves the image file to the image directory and records its path in the CSV",
2025-04-11 21:54:05,text,"The CSV file includes:

Timestamp
Content type (text, image, HTML, etc.)
Content (text or description)
Image path (if applicable)



Image Handling

Images are saved as PNG files
A simple hash function prevents duplicate images
Filenames include timestamps for easy tracking

Data Storage

By default, data is stored in the user's local data directory
Images go to a separate subdirectory
All paths can be customized via command-line options

Customization Ideas

Add a web interface to view your clipboard history
Create a hotkey to open recent clipboard items
Set up rotation/cleanup of old entries
Add encryption for sensitive clipboard data

Would you like me to explain any specific part of the implementation in more detail?RetryDff mnj nnerror[E0277]: the trait bound DynamicImage: From<ImageData<'_>> is not satisfied
  --> src/main.rs:75:47
   |
75 |         let dynamicimg: DynamicImage = image.into();
   |                                               ^^^^ the trait `From<ImageData<'>> is not implemented for DynamicImage
   |
   = help: the following other types implement trait From<T>`:EditYou're right, there's an error in the code. The arboard library's ImageData type can't be directly converted to the image crate's DynamicImage. Let me fix that issue.Clipboard Logger ServiceCode ∙ Version 3 fn get_clipboard_content(
    clipboard: &mut Clipboard,
    image_dir: &PathBuf,
) -> Result<ClipboardContent, Box<dyn std::error::Error>> {
    // First try text
    if let Ok(text) = clipboard.get_text() {
        if !text.is_empty() {
           The error you encountered happens because the arboard::ImageData type cannot be directly converted to the image::DynamicImage type. I've fixed this issue by properly converting between these types.
Here's what the fix does:

Instead of using img.into() (which fails because there's no implementation of From<ImageData> for DynamicImage), I'm now:

Extracting the width and height from the clipboard image
Creating an RgbaImage from the raw bytes in the clipboard data
Converting that RgbaImage to a DynamicImage



The updated code properly handles the conversion from arboard's image format to the image crate's format, which allows the program to correctly save clipboard images.
You might also encounter another potential issue with the systemd service file. If you're installing this for just your user (not system-wide), make sure to use:
bashsystemctl --user enable clipboard-logger.service
systemctl --user start clipboard-logger.service
The --user flag is important for user-level services. Otherwise, you would need root permissions to install it system-wide.
Is there anything else you'd like me to fix or explain about the implementation?RetryDerror[E0308]: mismatched types
   --> src/main.rs:79:68
    |
79  |         let img_buffer = image::RgbaImage::from_raw(width, height, image.bytes.clone())
    |                          --------------------------                ^^^^^^^^^^^^-----^^
    |                          |                                         |           |
    |                          |                                         |           help: try using a conversion method: to_vec
    |                          |                                         expected Vec<u8>, found Cow<'_, [u8]>
    |                          arguments to this function are incorrect
    |
    = note: expected struct Vec<u8>
                 found enum Cow<'_, [u8]>EditYou're right, there's another type mismatch issue. The arboard library uses Cow<'_, [u8]> for image data, but the image crate's functions need a Vec<u8>. Let me fix that:Clipboard Logger ServiceCode ∙ Version 4 fn get_clipboard_content(
    clipboard: &mut Clipboard,
    image_dir: &PathBuf,
) -> Result<ClipboardContent, Box<dyn std::error::Error>> {
    // First try text
    if let Ok(text) = clipboard.get_text() {
        if !text.is_empty() {
           Good catch! The error is exactly what the compiler suggested - I need to use .to_vec() instead of .clone() to convert the Cow<'_, [u8]> to a Vec<u8>.
I've made the fix by:

Extracting the bytes from the clipboard image data using img.bytes.to_vec() which properly converts the Cow<'_, [u8]> to a Vec<u8>
Using this vector of bytes to create the RgbaImage

This should resolve the type mismatch error. The Cow (Clone-on-Write) type is often used for efficient borrowing with the option to own, and we need to explicitly convert it to a Vec when the function requires owned data.
The image::RgbaImage::from_raw() function specifically requires a Vec<u8> for its pixel data parameter, so this conversion is necessary.
Is there anything else you'd like me to fix or explain about the code?RetryClaude can make mistakes. Please double-check responses.",
timestamp,content_type,content,image_path
2025-04-11 21:58:57,text,--interval 5 --output ~/clipboard-logs.csv,
2025-04-11 21:59:08,image,Image: clipboard_20250411215908.png,/home/doffy/.local/share/clipboard-logger/images/clipboard_20250411215908.png
